{"count":1,"gauges":{"RollerBallBrain.CumulativeReward":{"count":1,"max":1,"min":1,"value":1,"weightedAverage":1}},"self":55.979456,"total":56.5458028,"children":{"AgentSendState":{"count":2813,"self":0.0219894,"total":0.0269819,"children":{"CollectObservations":{"count":634,"self":0.0049924999999999995,"total":0.0049924999999999995,"children":null}}},"DecideAction":{"count":2813,"self":0.49578039999999995,"total":0.49578039999999995,"children":null},"AgentAct":{"count":2813,"self":0.0430836,"total":0.0430836,"children":null}}}