{"count":1,"gauges":{},"self":20.1818992,"total":20.3967973,"children":{"AgentSendState":{"count":1002,"self":0.0150621,"total":0.0180937,"children":{"CollectObservations":{"count":227,"self":0.0030315999999999997,"total":0.0030315999999999997,"children":null}}},"DecideAction":{"count":1002,"self":0.1792028,"total":0.1792028,"children":null},"AgentAct":{"count":1002,"self":0.0170991,"total":0.0170991,"children":null}}}