{"count":1,"gauges":{},"self":42.7794688,"total":43.1298817,"children":{"AgentSendState":{"count":2136,"self":0.025568399999999998,"total":0.0280755,"children":{"CollectObservations":{"count":214,"self":0.0025071,"total":0.0025071,"children":null}}},"DecideAction":{"count":2136,"self":0.24160559999999998,"total":0.2651536,"children":{"RayPerceptionSensor.Perceive":{"count":214,"self":0.023548,"total":0.023548,"children":null}}},"AgentAct":{"count":2136,"self":0.056682699999999996,"total":0.056682699999999996,"children":null}}}