{"count":1,"gauges":{"RollerBallBrain.CumulativeReward":{"count":10415,"max":1,"min":0,"value":1,"weightedAverage":0.9999999}},"self":382.69332479999997,"total":909.2727821,"children":{"AgentSendState":{"count":709734,"self":2.4096564,"total":3.4721214999999996,"children":{"CollectObservations":{"count":70974,"self":0.1365475,"total":0.1365475,"children":null},"AgentInfo.ToProto":{"count":70974,"self":0.3701004,"total":0.9259177,"children":{"GenerateSensorData":{"count":70974,"self":0.5558173,"total":0.5558173,"children":null}}}}},"DecideAction":{"count":709734,"self":519.9374336,"total":519.9374501,"children":null},"AgentAct":{"count":709734,"self":3.0243092,"total":3.1668889,"children":{"AgentInfo.ToProto":{"count":10415,"self":0.056819999999999996,"total":0.1425796,"children":{"GenerateSensorData":{"count":10415,"self":0.085759599999999991,"total":0.085759599999999991,"children":null}}}}}}}