{"count":1,"gauges":{},"self":0.99064009999999991,"total":0.99514819999999993,"children":{"AgentSendState":{"count":34,"self":0.0015026999999999998,"total":0.0020027,"children":{"CollectObservations":{"count":4,"self":0.0005,"total":0.0005,"children":null}}},"DecideAction":{"count":34,"self":0,"total":0,"children":null},"AgentAct":{"count":34,"self":0.0005004,"total":0.0005004,"children":null}}}